--
-- PostgreSQL database dump
--

-- Dumped from database version 14.8 (Debian 14.8-1.pgdg120+1)
-- Dumped by pg_dump version 14.8 (Debian 14.8-1.pgdg120+1)

SET statement_timeout = 0;
SET lock_timeout = 0;
SET idle_in_transaction_session_timeout = 0;
SET client_encoding = 'UTF8';
SET standard_conforming_strings = on;
SELECT pg_catalog.set_config('search_path', '', false);
SET check_function_bodies = false;
SET xmloption = content;
SET client_min_messages = warning;
SET row_security = off;

SET default_tablespace = '';

SET default_table_access_method = heap;

--
-- Name: auth_group; Type: TABLE; Schema: public; Owner: postgres
--

CREATE TABLE public.auth_group (
    id integer NOT NULL,
    name character varying(150) NOT NULL
);


ALTER TABLE public.auth_group OWNER TO postgres;

--
-- Name: auth_group_id_seq; Type: SEQUENCE; Schema: public; Owner: postgres
--

ALTER TABLE public.auth_group ALTER COLUMN id ADD GENERATED BY DEFAULT AS IDENTITY (
    SEQUENCE NAME public.auth_group_id_seq
    START WITH 1
    INCREMENT BY 1
    NO MINVALUE
    NO MAXVALUE
    CACHE 1
);


--
-- Name: auth_group_permissions; Type: TABLE; Schema: public; Owner: postgres
--

CREATE TABLE public.auth_group_permissions (
    id bigint NOT NULL,
    group_id integer NOT NULL,
    permission_id integer NOT NULL
);


ALTER TABLE public.auth_group_permissions OWNER TO postgres;

--
-- Name: auth_group_permissions_id_seq; Type: SEQUENCE; Schema: public; Owner: postgres
--

ALTER TABLE public.auth_group_permissions ALTER COLUMN id ADD GENERATED BY DEFAULT AS IDENTITY (
    SEQUENCE NAME public.auth_group_permissions_id_seq
    START WITH 1
    INCREMENT BY 1
    NO MINVALUE
    NO MAXVALUE
    CACHE 1
);


--
-- Name: auth_permission; Type: TABLE; Schema: public; Owner: postgres
--

CREATE TABLE public.auth_permission (
    id integer NOT NULL,
    name character varying(255) NOT NULL,
    content_type_id integer NOT NULL,
    codename character varying(100) NOT NULL
);


ALTER TABLE public.auth_permission OWNER TO postgres;

--
-- Name: auth_permission_id_seq; Type: SEQUENCE; Schema: public; Owner: postgres
--

ALTER TABLE public.auth_permission ALTER COLUMN id ADD GENERATED BY DEFAULT AS IDENTITY (
    SEQUENCE NAME public.auth_permission_id_seq
    START WITH 1
    INCREMENT BY 1
    NO MINVALUE
    NO MAXVALUE
    CACHE 1
);


--
-- Name: django_admin_log; Type: TABLE; Schema: public; Owner: postgres
--

CREATE TABLE public.django_admin_log (
    id integer NOT NULL,
    action_time timestamp with time zone NOT NULL,
    object_id text,
    object_repr character varying(200) NOT NULL,
    action_flag smallint NOT NULL,
    change_message text NOT NULL,
    content_type_id integer,
    user_id bigint NOT NULL,
    CONSTRAINT django_admin_log_action_flag_check CHECK ((action_flag >= 0))
);


ALTER TABLE public.django_admin_log OWNER TO postgres;

--
-- Name: django_admin_log_id_seq; Type: SEQUENCE; Schema: public; Owner: postgres
--

ALTER TABLE public.django_admin_log ALTER COLUMN id ADD GENERATED BY DEFAULT AS IDENTITY (
    SEQUENCE NAME public.django_admin_log_id_seq
    START WITH 1
    INCREMENT BY 1
    NO MINVALUE
    NO MAXVALUE
    CACHE 1
);


--
-- Name: django_content_type; Type: TABLE; Schema: public; Owner: postgres
--

CREATE TABLE public.django_content_type (
    id integer NOT NULL,
    app_label character varying(100) NOT NULL,
    model character varying(100) NOT NULL
);


ALTER TABLE public.django_content_type OWNER TO postgres;

--
-- Name: django_content_type_id_seq; Type: SEQUENCE; Schema: public; Owner: postgres
--

ALTER TABLE public.django_content_type ALTER COLUMN id ADD GENERATED BY DEFAULT AS IDENTITY (
    SEQUENCE NAME public.django_content_type_id_seq
    START WITH 1
    INCREMENT BY 1
    NO MINVALUE
    NO MAXVALUE
    CACHE 1
);


--
-- Name: django_migrations; Type: TABLE; Schema: public; Owner: postgres
--

CREATE TABLE public.django_migrations (
    id bigint NOT NULL,
    app character varying(255) NOT NULL,
    name character varying(255) NOT NULL,
    applied timestamp with time zone NOT NULL
);


ALTER TABLE public.django_migrations OWNER TO postgres;

--
-- Name: django_migrations_id_seq; Type: SEQUENCE; Schema: public; Owner: postgres
--

ALTER TABLE public.django_migrations ALTER COLUMN id ADD GENERATED BY DEFAULT AS IDENTITY (
    SEQUENCE NAME public.django_migrations_id_seq
    START WITH 1
    INCREMENT BY 1
    NO MINVALUE
    NO MAXVALUE
    CACHE 1
);


--
-- Name: django_session; Type: TABLE; Schema: public; Owner: postgres
--

CREATE TABLE public.django_session (
    session_key character varying(40) NOT NULL,
    session_data text NOT NULL,
    expire_date timestamp with time zone NOT NULL
);


ALTER TABLE public.django_session OWNER TO postgres;

--
-- Name: home_countdown; Type: TABLE; Schema: public; Owner: postgres
--

CREATE TABLE public.home_countdown (
    id bigint NOT NULL,
    end_date date NOT NULL,
    start_date date NOT NULL
);


ALTER TABLE public.home_countdown OWNER TO postgres;

--
-- Name: home_countdown_id_seq; Type: SEQUENCE; Schema: public; Owner: postgres
--

ALTER TABLE public.home_countdown ALTER COLUMN id ADD GENERATED BY DEFAULT AS IDENTITY (
    SEQUENCE NAME public.home_countdown_id_seq
    START WITH 1
    INCREMENT BY 1
    NO MINVALUE
    NO MAXVALUE
    CACHE 1
);


--
-- Name: home_documentos; Type: TABLE; Schema: public; Owner: postgres
--

CREATE TABLE public.home_documentos (
    id bigint NOT NULL,
    documento character varying(100),
    public boolean NOT NULL,
    seccion_documento_id bigint NOT NULL,
    titulo_documento character varying(200) NOT NULL
);


ALTER TABLE public.home_documentos OWNER TO postgres;

--
-- Name: home_documentos_id_seq; Type: SEQUENCE; Schema: public; Owner: postgres
--

ALTER TABLE public.home_documentos ALTER COLUMN id ADD GENERATED BY DEFAULT AS IDENTITY (
    SEQUENCE NAME public.home_documentos_id_seq
    START WITH 1
    INCREMENT BY 1
    NO MINVALUE
    NO MAXVALUE
    CACHE 1
);


--
-- Name: home_preguntasfrecuentes; Type: TABLE; Schema: public; Owner: postgres
--

CREATE TABLE public.home_preguntasfrecuentes (
    id bigint NOT NULL,
    pregunta_frecuente character varying(400) NOT NULL,
    respuesta_pregunta_frecuente text NOT NULL
);


ALTER TABLE public.home_preguntasfrecuentes OWNER TO postgres;

--
-- Name: home_preguntasfrecuentes_id_seq; Type: SEQUENCE; Schema: public; Owner: postgres
--

ALTER TABLE public.home_preguntasfrecuentes ALTER COLUMN id ADD GENERATED BY DEFAULT AS IDENTITY (
    SEQUENCE NAME public.home_preguntasfrecuentes_id_seq
    START WITH 1
    INCREMENT BY 1
    NO MINVALUE
    NO MAXVALUE
    CACHE 1
);


--
-- Name: home_secciondocumentos; Type: TABLE; Schema: public; Owner: postgres
--

CREATE TABLE public.home_secciondocumentos (
    id bigint NOT NULL,
    seccion_documento character varying(100) NOT NULL,
    tipo_documento_id bigint NOT NULL
);


ALTER TABLE public.home_secciondocumentos OWNER TO postgres;

--
-- Name: home_secciondocumentos_id_seq; Type: SEQUENCE; Schema: public; Owner: postgres
--

ALTER TABLE public.home_secciondocumentos ALTER COLUMN id ADD GENERATED BY DEFAULT AS IDENTITY (
    SEQUENCE NAME public.home_secciondocumentos_id_seq
    START WITH 1
    INCREMENT BY 1
    NO MINVALUE
    NO MAXVALUE
    CACHE 1
);


--
-- Name: home_tipodocumentos; Type: TABLE; Schema: public; Owner: postgres
--

CREATE TABLE public.home_tipodocumentos (
    id bigint NOT NULL,
    tipo_documento character varying(50) NOT NULL
);


ALTER TABLE public.home_tipodocumentos OWNER TO postgres;

--
-- Name: home_tipodocumentos_id_seq; Type: SEQUENCE; Schema: public; Owner: postgres
--

ALTER TABLE public.home_tipodocumentos ALTER COLUMN id ADD GENERATED BY DEFAULT AS IDENTITY (
    SEQUENCE NAME public.home_tipodocumentos_id_seq
    START WITH 1
    INCREMENT BY 1
    NO MINVALUE
    NO MAXVALUE
    CACHE 1
);


--
-- Name: noticiasymedia_multimedia; Type: TABLE; Schema: public; Owner: postgres
--

CREATE TABLE public.noticiasymedia_multimedia (
    id bigint NOT NULL,
    created timestamp with time zone NOT NULL,
    modified timestamp with time zone NOT NULL,
    titulo_multimedia character varying(200) NOT NULL,
    descripcion_multimedia text NOT NULL,
    autor character varying(100) NOT NULL,
    video_url character varying(200),
    public boolean NOT NULL,
    slug character varying(300) NOT NULL
);


ALTER TABLE public.noticiasymedia_multimedia OWNER TO postgres;

--
-- Name: noticiasymedia_multimedia_id_seq; Type: SEQUENCE; Schema: public; Owner: postgres
--

ALTER TABLE public.noticiasymedia_multimedia ALTER COLUMN id ADD GENERATED BY DEFAULT AS IDENTITY (
    SEQUENCE NAME public.noticiasymedia_multimedia_id_seq
    START WITH 1
    INCREMENT BY 1
    NO MINVALUE
    NO MAXVALUE
    CACHE 1
);


--
-- Name: noticiasymedia_multimedia_tag; Type: TABLE; Schema: public; Owner: postgres
--

CREATE TABLE public.noticiasymedia_multimedia_tag (
    id bigint NOT NULL,
    multimedia_id bigint NOT NULL,
    tag_id bigint NOT NULL
);


ALTER TABLE public.noticiasymedia_multimedia_tag OWNER TO postgres;

--
-- Name: noticiasymedia_multimedia_tag_media_id_seq; Type: SEQUENCE; Schema: public; Owner: postgres
--

ALTER TABLE public.noticiasymedia_multimedia_tag ALTER COLUMN id ADD GENERATED BY DEFAULT AS IDENTITY (
    SEQUENCE NAME public.noticiasymedia_multimedia_tag_media_id_seq
    START WITH 1
    INCREMENT BY 1
    NO MINVALUE
    NO MAXVALUE
    CACHE 1
);


--
-- Name: noticiasymedia_noticias; Type: TABLE; Schema: public; Owner: postgres
--

CREATE TABLE public.noticiasymedia_noticias (
    id bigint NOT NULL,
    created timestamp with time zone NOT NULL,
    modified timestamp with time zone NOT NULL,
    titulo_noticia character varying(150) NOT NULL,
    bajada_noticia character varying(150) NOT NULL,
    contenido_noticia text NOT NULL,
    autor character varying(100) NOT NULL,
    portada_noticia character varying(100),
    public boolean NOT NULL,
    galeria_url character varying(200),
    slug character varying(300) NOT NULL
);


ALTER TABLE public.noticiasymedia_noticias OWNER TO postgres;

--
-- Name: noticiasymedia_noticias_id_seq; Type: SEQUENCE; Schema: public; Owner: postgres
--

ALTER TABLE public.noticiasymedia_noticias ALTER COLUMN id ADD GENERATED BY DEFAULT AS IDENTITY (
    SEQUENCE NAME public.noticiasymedia_noticias_id_seq
    START WITH 1
    INCREMENT BY 1
    NO MINVALUE
    NO MAXVALUE
    CACHE 1
);


--
-- Name: noticiasymedia_noticias_tag; Type: TABLE; Schema: public; Owner: postgres
--

CREATE TABLE public.noticiasymedia_noticias_tag (
    id bigint NOT NULL,
    noticias_id bigint NOT NULL,
    tag_id bigint NOT NULL
);


ALTER TABLE public.noticiasymedia_noticias_tag OWNER TO postgres;

--
-- Name: noticiasymedia_noticias_tag_noticia_id_seq; Type: SEQUENCE; Schema: public; Owner: postgres
--

ALTER TABLE public.noticiasymedia_noticias_tag ALTER COLUMN id ADD GENERATED BY DEFAULT AS IDENTITY (
    SEQUENCE NAME public.noticiasymedia_noticias_tag_noticia_id_seq
    START WITH 1
    INCREMENT BY 1
    NO MINVALUE
    NO MAXVALUE
    CACHE 1
);


--
-- Name: noticiasymedia_tag; Type: TABLE; Schema: public; Owner: postgres
--

CREATE TABLE public.noticiasymedia_tag (
    id bigint NOT NULL,
    tag character varying(20) NOT NULL
);


ALTER TABLE public.noticiasymedia_tag OWNER TO postgres;

--
-- Name: noticiasymedia_tag_id_seq; Type: SEQUENCE; Schema: public; Owner: postgres
--

ALTER TABLE public.noticiasymedia_tag ALTER COLUMN id ADD GENERATED BY DEFAULT AS IDENTITY (
    SEQUENCE NAME public.noticiasymedia_tag_id_seq
    START WITH 1
    INCREMENT BY 1
    NO MINVALUE
    NO MAXVALUE
    CACHE 1
);


--
-- Name: regioncomuna_comuna; Type: TABLE; Schema: public; Owner: postgres
--

CREATE TABLE public.regioncomuna_comuna (
    id bigint NOT NULL,
    comuna character varying(100) NOT NULL,
    region_id bigint NOT NULL
);


ALTER TABLE public.regioncomuna_comuna OWNER TO postgres;

--
-- Name: regioncomuna_comuna_id_seq; Type: SEQUENCE; Schema: public; Owner: postgres
--

ALTER TABLE public.regioncomuna_comuna ALTER COLUMN id ADD GENERATED BY DEFAULT AS IDENTITY (
    SEQUENCE NAME public.regioncomuna_comuna_id_seq
    START WITH 1
    INCREMENT BY 1
    NO MINVALUE
    NO MAXVALUE
    CACHE 1
);


--
-- Name: regioncomuna_region; Type: TABLE; Schema: public; Owner: postgres
--

CREATE TABLE public.regioncomuna_region (
    id bigint NOT NULL,
    region character varying(100) NOT NULL
);


ALTER TABLE public.regioncomuna_region OWNER TO postgres;

--
-- Name: regioncomuna_region_id_seq; Type: SEQUENCE; Schema: public; Owner: postgres
--

ALTER TABLE public.regioncomuna_region ALTER COLUMN id ADD GENERATED BY DEFAULT AS IDENTITY (
    SEQUENCE NAME public.regioncomuna_region_id_seq
    START WITH 1
    INCREMENT BY 1
    NO MINVALUE
    NO MAXVALUE
    CACHE 1
);


--
-- Name: surveys_preguntacinco; Type: TABLE; Schema: public; Owner: postgres
--

CREATE TABLE public.surveys_preguntacinco (
    id bigint NOT NULL,
    texto_respuesta character varying(500),
    usuario_id bigint NOT NULL
);


ALTER TABLE public.surveys_preguntacinco OWNER TO postgres;

--
-- Name: surveys_preguntacinco_id_seq; Type: SEQUENCE; Schema: public; Owner: postgres
--

ALTER TABLE public.surveys_preguntacinco ALTER COLUMN id ADD GENERATED BY DEFAULT AS IDENTITY (
    SEQUENCE NAME public.surveys_preguntacinco_id_seq
    START WITH 1
    INCREMENT BY 1
    NO MINVALUE
    NO MAXVALUE
    CACHE 1
);


--
-- Name: surveys_preguntacuatro; Type: TABLE; Schema: public; Owner: postgres
--

CREATE TABLE public.surveys_preguntacuatro (
    id bigint NOT NULL,
    tematica_1 integer NOT NULL,
    tematica_2 integer NOT NULL,
    tematica_3 integer NOT NULL,
    tematica_4 integer NOT NULL,
    tematica_5 integer NOT NULL,
    usuario_id bigint NOT NULL
);


ALTER TABLE public.surveys_preguntacuatro OWNER TO postgres;

--
-- Name: surveys_preguntacuatro_id_seq; Type: SEQUENCE; Schema: public; Owner: postgres
--

ALTER TABLE public.surveys_preguntacuatro ALTER COLUMN id ADD GENERATED BY DEFAULT AS IDENTITY (
    SEQUENCE NAME public.surveys_preguntacuatro_id_seq
    START WITH 1
    INCREMENT BY 1
    NO MINVALUE
    NO MAXVALUE
    CACHE 1
);


--
-- Name: surveys_preguntados; Type: TABLE; Schema: public; Owner: postgres
--

CREATE TABLE public.surveys_preguntados (
    id bigint NOT NULL,
    propuesta_1 integer NOT NULL,
    propuesta_2 integer NOT NULL,
    propuesta_3 integer NOT NULL,
    propuesta_4 integer NOT NULL,
    usuario_id bigint NOT NULL
);


ALTER TABLE public.surveys_preguntados OWNER TO postgres;

--
-- Name: surveys_preguntados_id_seq; Type: SEQUENCE; Schema: public; Owner: postgres
--

ALTER TABLE public.surveys_preguntados ALTER COLUMN id ADD GENERATED BY DEFAULT AS IDENTITY (
    SEQUENCE NAME public.surveys_preguntados_id_seq
    START WITH 1
    INCREMENT BY 1
    NO MINVALUE
    NO MAXVALUE
    CACHE 1
);


--
-- Name: surveys_preguntatres; Type: TABLE; Schema: public; Owner: postgres
--

CREATE TABLE public.surveys_preguntatres (
    id bigint NOT NULL,
    iniciativa_1 integer NOT NULL,
    iniciativa_2 integer NOT NULL,
    iniciativa_3 integer NOT NULL,
    iniciativa_4 integer NOT NULL,
    iniciativa_5 integer NOT NULL,
    usuario_id bigint NOT NULL
);


ALTER TABLE public.surveys_preguntatres OWNER TO postgres;

--
-- Name: surveys_preguntatres_id_seq; Type: SEQUENCE; Schema: public; Owner: postgres
--

ALTER TABLE public.surveys_preguntatres ALTER COLUMN id ADD GENERATED BY DEFAULT AS IDENTITY (
    SEQUENCE NAME public.surveys_preguntatres_id_seq
    START WITH 1
    INCREMENT BY 1
    NO MINVALUE
    NO MAXVALUE
    CACHE 1
);


--
-- Name: surveys_preguntauno; Type: TABLE; Schema: public; Owner: postgres
--

CREATE TABLE public.surveys_preguntauno (
    id bigint NOT NULL,
    valor character varying(1) NOT NULL,
    usuario_id bigint NOT NULL
);


ALTER TABLE public.surveys_preguntauno OWNER TO postgres;

--
-- Name: surveys_preguntauno_id_seq; Type: SEQUENCE; Schema: public; Owner: postgres
--

ALTER TABLE public.surveys_preguntauno ALTER COLUMN id ADD GENERATED BY DEFAULT AS IDENTITY (
    SEQUENCE NAME public.surveys_preguntauno_id_seq
    START WITH 1
    INCREMENT BY 1
    NO MINVALUE
    NO MAXVALUE
    CACHE 1
);


--
-- Name: users_user; Type: TABLE; Schema: public; Owner: postgres
--

CREATE TABLE public.users_user (
    id bigint NOT NULL,
    last_login timestamp with time zone,
    is_superuser boolean NOT NULL,
    rut character varying(15) NOT NULL,
    password character varying(200) NOT NULL,
    email text,
    is_staff boolean NOT NULL,
    is_active boolean NOT NULL,
    comuna_id bigint,
    genero character varying(5),
    edad integer,
    politica_privacidad boolean,
    encuesta_completada boolean NOT NULL,
    recibir_resultados boolean NOT NULL,
    pueblo_originario character varying(5),
    CONSTRAINT users_user_edad_check CHECK ((edad >= 0))
);


ALTER TABLE public.users_user OWNER TO postgres;

--
-- Name: users_user_groups; Type: TABLE; Schema: public; Owner: postgres
--

CREATE TABLE public.users_user_groups (
    id bigint NOT NULL,
    user_id bigint NOT NULL,
    group_id integer NOT NULL
);


ALTER TABLE public.users_user_groups OWNER TO postgres;

--
-- Name: users_user_groups_id_seq; Type: SEQUENCE; Schema: public; Owner: postgres
--

ALTER TABLE public.users_user_groups ALTER COLUMN id ADD GENERATED BY DEFAULT AS IDENTITY (
    SEQUENCE NAME public.users_user_groups_id_seq
    START WITH 1
    INCREMENT BY 1
    NO MINVALUE
    NO MAXVALUE
    CACHE 1
);


--
-- Name: users_user_id_seq; Type: SEQUENCE; Schema: public; Owner: postgres
--

ALTER TABLE public.users_user ALTER COLUMN id ADD GENERATED BY DEFAULT AS IDENTITY (
    SEQUENCE NAME public.users_user_id_seq
    START WITH 1
    INCREMENT BY 1
    NO MINVALUE
    NO MAXVALUE
    CACHE 1
);


--
-- Name: users_user_user_permissions; Type: TABLE; Schema: public; Owner: postgres
--

CREATE TABLE public.users_user_user_permissions (
    id bigint NOT NULL,
    user_id bigint NOT NULL,
    permission_id integer NOT NULL
);


ALTER TABLE public.users_user_user_permissions OWNER TO postgres;

--
-- Name: users_user_user_permissions_id_seq; Type: SEQUENCE; Schema: public; Owner: postgres
--

ALTER TABLE public.users_user_user_permissions ALTER COLUMN id ADD GENERATED BY DEFAULT AS IDENTITY (
    SEQUENCE NAME public.users_user_user_permissions_id_seq
    START WITH 1
    INCREMENT BY 1
    NO MINVALUE
    NO MAXVALUE
    CACHE 1
);


--
-- Data for Name: auth_group; Type: TABLE DATA; Schema: public; Owner: postgres
--

COPY public.auth_group (id, name) FROM stdin;
\.


--
-- Data for Name: auth_group_permissions; Type: TABLE DATA; Schema: public; Owner: postgres
--

COPY public.auth_group_permissions (id, group_id, permission_id) FROM stdin;
\.


--
-- Data for Name: auth_permission; Type: TABLE DATA; Schema: public; Owner: postgres
--

COPY public.auth_permission (id, name, content_type_id, codename) FROM stdin;
1	Can add log entry	1	add_logentry
2	Can change log entry	1	change_logentry
3	Can delete log entry	1	delete_logentry
4	Can view log entry	1	view_logentry
5	Can add permission	2	add_permission
6	Can change permission	2	change_permission
7	Can delete permission	2	delete_permission
8	Can view permission	2	view_permission
9	Can add group	3	add_group
10	Can change group	3	change_group
11	Can delete group	3	delete_group
12	Can view group	3	view_group
13	Can add content type	4	add_contenttype
14	Can change content type	4	change_contenttype
15	Can delete content type	4	delete_contenttype
16	Can view content type	4	view_contenttype
17	Can add session	5	add_session
18	Can change session	5	change_session
19	Can delete session	5	delete_session
20	Can view session	5	view_session
21	Can add user	6	add_user
22	Can change user	6	change_user
23	Can delete user	6	delete_user
24	Can view user	6	view_user
25	Can add region	7	add_region
26	Can change region	7	change_region
27	Can delete region	7	delete_region
28	Can view region	7	view_region
29	Can add comuna	8	add_comuna
30	Can change comuna	8	change_comuna
31	Can delete comuna	8	delete_comuna
32	Can view comuna	8	view_comuna
33	Can add countdown	9	add_countdown
34	Can change countdown	9	change_countdown
35	Can delete countdown	9	delete_countdown
36	Can view countdown	9	view_countdown
37	Can add Pregunta frecuente	10	add_preguntasfrecuentes
38	Can change Pregunta frecuente	10	change_preguntasfrecuentes
39	Can delete Pregunta frecuente	10	delete_preguntasfrecuentes
40	Can view Pregunta frecuente	10	view_preguntasfrecuentes
41	Can add Tipo de documento	11	add_tipodocumentos
42	Can change Tipo de documento	11	change_tipodocumentos
43	Can delete Tipo de documento	11	delete_tipodocumentos
44	Can view Tipo de documento	11	view_tipodocumentos
45	Can add seccion de tipo de documento	12	add_secciondocumentos
46	Can change seccion de tipo de documento	12	change_secciondocumentos
47	Can delete seccion de tipo de documento	12	delete_secciondocumentos
48	Can view seccion de tipo de documento	12	view_secciondocumentos
49	Can add Documento	13	add_documentos
50	Can change Documento	13	change_documentos
51	Can delete Documento	13	delete_documentos
52	Can view Documento	13	view_documentos
53	Can add Pregunta 5: ¿Qué tema, iniciativa o aspecto profundizaría o agregaría, considerando el vínculo entre descentralización y su vida personal y en comunidad?	14	add_preguntacinco
54	Can change Pregunta 5: ¿Qué tema, iniciativa o aspecto profundizaría o agregaría, considerando el vínculo entre descentralización y su vida personal y en comunidad?	14	change_preguntacinco
55	Can delete Pregunta 5: ¿Qué tema, iniciativa o aspecto profundizaría o agregaría, considerando el vínculo entre descentralización y su vida personal y en comunidad?	14	delete_preguntacinco
56	Can view Pregunta 5: ¿Qué tema, iniciativa o aspecto profundizaría o agregaría, considerando el vínculo entre descentralización y su vida personal y en comunidad?	14	view_preguntacinco
57	Can add Pregunta 2: Impacto de la descentralización en las personas y comunidades.	15	add_preguntados
58	Can change Pregunta 2: Impacto de la descentralización en las personas y comunidades.	15	change_preguntados
59	Can delete Pregunta 2: Impacto de la descentralización en las personas y comunidades.	15	delete_preguntados
60	Can view Pregunta 2: Impacto de la descentralización en las personas y comunidades.	15	view_preguntados
61	Can add Pregunta 3: Iniciativas que podrían ser incluidas dentro de la Política Nacional de Descentralización.	16	add_preguntatres
62	Can change Pregunta 3: Iniciativas que podrían ser incluidas dentro de la Política Nacional de Descentralización.	16	change_preguntatres
63	Can delete Pregunta 3: Iniciativas que podrían ser incluidas dentro de la Política Nacional de Descentralización.	16	delete_preguntatres
64	Can view Pregunta 3: Iniciativas que podrían ser incluidas dentro de la Política Nacional de Descentralización.	16	view_preguntatres
65	Can add Pregunta 1: ¿Qué valor le otorga usted a la descentralización en la cotidianeidad y en la calidad de vida de las personas?	17	add_preguntauno
66	Can change Pregunta 1: ¿Qué valor le otorga usted a la descentralización en la cotidianeidad y en la calidad de vida de las personas?	17	change_preguntauno
67	Can delete Pregunta 1: ¿Qué valor le otorga usted a la descentralización en la cotidianeidad y en la calidad de vida de las personas?	17	delete_preguntauno
68	Can view Pregunta 1: ¿Qué valor le otorga usted a la descentralización en la cotidianeidad y en la calidad de vida de las personas?	17	view_preguntauno
69	Can add Pregunta 4: ¿Qué tan importante es incluir las siguientes temáticas de forma transversal en la Política Nacional de Descentralización?	18	add_preguntacuatro
70	Can change Pregunta 4: ¿Qué tan importante es incluir las siguientes temáticas de forma transversal en la Política Nacional de Descentralización?	18	change_preguntacuatro
71	Can delete Pregunta 4: ¿Qué tan importante es incluir las siguientes temáticas de forma transversal en la Política Nacional de Descentralización?	18	delete_preguntacuatro
72	Can view Pregunta 4: ¿Qué tan importante es incluir las siguientes temáticas de forma transversal en la Política Nacional de Descentralización?	18	view_preguntacuatro
73	Can add tag	19	add_tag
74	Can change tag	19	change_tag
75	Can delete tag	19	delete_tag
76	Can view tag	19	view_tag
77	Can add noticias	20	add_noticias
78	Can change noticias	20	change_noticias
79	Can delete noticias	20	delete_noticias
80	Can view noticias	20	view_noticias
81	Can add multimedia	21	add_multimedia
82	Can change multimedia	21	change_multimedia
83	Can delete multimedia	21	delete_multimedia
84	Can view multimedia	21	view_multimedia
\.


--
-- Data for Name: django_admin_log; Type: TABLE DATA; Schema: public; Owner: postgres
--

COPY public.django_admin_log (id, action_time, object_id, object_repr, action_flag, change_message, content_type_id, user_id) FROM stdin;
1	2023-12-27 14:42:46.437983+00	1	Countdown object (1)	1	[{"added": {}}]	9	1
\.


--
-- Data for Name: django_content_type; Type: TABLE DATA; Schema: public; Owner: postgres
--

COPY public.django_content_type (id, app_label, model) FROM stdin;
1	admin	logentry
2	auth	permission
3	auth	group
4	contenttypes	contenttype
5	sessions	session
6	users	user
7	regioncomuna	region
8	regioncomuna	comuna
9	home	countdown
10	home	preguntasfrecuentes
11	home	tipodocumentos
12	home	secciondocumentos
13	home	documentos
14	surveys	preguntacinco
15	surveys	preguntados
16	surveys	preguntatres
17	surveys	preguntauno
18	surveys	preguntacuatro
19	noticiasymedia	tag
20	noticiasymedia	noticias
21	noticiasymedia	multimedia
\.


--
-- Data for Name: django_migrations; Type: TABLE DATA; Schema: public; Owner: postgres
--

COPY public.django_migrations (id, app, name, applied) FROM stdin;
1	contenttypes	0001_initial	2023-12-27 14:39:05.414099+00
2	contenttypes	0002_remove_content_type_name	2023-12-27 14:39:05.42184+00
3	auth	0001_initial	2023-12-27 14:39:05.467611+00
4	auth	0002_alter_permission_name_max_length	2023-12-27 14:39:05.474146+00
5	auth	0003_alter_user_email_max_length	2023-12-27 14:39:05.480878+00
6	auth	0004_alter_user_username_opts	2023-12-27 14:39:05.487598+00
7	auth	0005_alter_user_last_login_null	2023-12-27 14:39:05.493964+00
8	auth	0006_require_contenttypes_0002	2023-12-27 14:39:05.496719+00
9	auth	0007_alter_validators_add_error_messages	2023-12-27 14:39:05.503098+00
10	auth	0008_alter_user_username_max_length	2023-12-27 14:39:05.509405+00
11	auth	0009_alter_user_last_name_max_length	2023-12-27 14:39:05.515565+00
12	auth	0010_alter_group_name_max_length	2023-12-27 14:39:05.522197+00
13	auth	0011_update_proxy_permissions	2023-12-27 14:39:05.529495+00
14	auth	0012_alter_user_first_name_max_length	2023-12-27 14:39:05.534941+00
15	users	0001_initial	2023-12-27 14:39:05.573479+00
16	admin	0001_initial	2023-12-27 14:39:05.590063+00
17	admin	0002_logentry_remove_auto_add	2023-12-27 14:39:05.59745+00
18	admin	0003_logentry_add_action_flag_choices	2023-12-27 14:39:05.604912+00
19	home	0001_initial	2023-12-27 14:39:05.61011+00
20	home	0002_preguntasfrecuentes_tipodocumentos_secciondocumentos_and_more	2023-12-27 14:39:05.638813+00
21	home	0003_documentos_titulo_documento_and_more	2023-12-27 14:39:05.646652+00
22	home	0004_alter_preguntasfrecuentes_pregunta_frecuente	2023-12-27 14:39:05.650319+00
23	home	0005_alter_documentos_documento	2023-12-27 14:39:05.654756+00
24	home	0006_alter_secciondocumentos_seccion_documento	2023-12-27 14:39:05.660439+00
25	home	0007_alter_documentos_titulo_documento	2023-12-27 14:39:05.665001+00
26	home	0008_countdown_start_date	2023-12-27 14:39:05.669142+00
27	home	0009_alter_countdown_start_date	2023-12-27 14:39:05.672394+00
28	home	0010_alter_documentos_documento	2023-12-27 14:39:05.676804+00
29	noticiasymedia	0001_initial	2023-12-27 14:39:05.726799+00
30	noticiasymedia	0002_rename_tag_media_multimedia_tag_and_more	2023-12-27 14:39:05.748312+00
31	noticiasymedia	0003_noticias_galeria_url_alter_multimedia_public_and_more	2023-12-27 14:39:05.787153+00
32	noticiasymedia	0004_noticias_slug	2023-12-27 14:39:05.799154+00
33	noticiasymedia	0005_multimedia_slug_alter_multimedia_tag	2023-12-27 14:39:05.81363+00
34	regioncomuna	0001_initial	2023-12-27 14:39:05.826013+00
35	regioncomuna	0002_rename_nombre_comuna_comuna_and_more	2023-12-27 14:39:05.834048+00
36	sessions	0001_initial	2023-12-27 14:39:05.844123+00
37	surveys	0001_initial	2023-12-27 14:39:05.884353+00
38	surveys	0002_alter_respuesta_unique_together	2023-12-27 14:39:05.895739+00
39	surveys	0003_remove_preguntados_prioridad_1_and_more	2023-12-27 14:39:05.918029+00
40	surveys	0004_remove_preguntatres_prioridad_1_and_more	2023-12-27 14:39:05.944782+00
41	surveys	0005_preguntacinco_usuario_preguntados_usuario_and_more	2023-12-27 14:39:06.042236+00
42	surveys	0006_alter_preguntacinco_texto_respuesta	2023-12-27 14:39:06.052798+00
43	surveys	0007_alter_preguntacinco_options_and_more	2023-12-27 14:39:06.112711+00
44	surveys	0008_alter_preguntacuatro_options	2023-12-27 14:39:06.123208+00
45	surveys	0009_alter_preguntauno_valor	2023-12-27 14:39:06.134102+00
46	surveys	0010_alter_preguntados_propuesta_1_and_more	2023-12-27 14:39:06.215344+00
47	surveys	0011_alter_preguntacinco_texto_respuesta	2023-12-27 14:39:06.233478+00
48	users	0002_user_comuna_user_genero	2023-12-27 14:39:06.260658+00
49	users	0003_user_edad	2023-12-27 14:39:06.273754+00
50	users	0004_alter_user_genero	2023-12-27 14:39:06.287274+00
51	users	0005_user_politica_privacidad	2023-12-27 14:39:06.302855+00
52	users	0006_user_encuesta_completada	2023-12-27 14:39:06.315909+00
53	users	0007_user_recibir_resultados	2023-12-27 14:39:06.32894+00
54	users	0008_user_pueblos_originarios	2023-12-27 14:39:06.351854+00
55	users	0009_rename_pueblos_originarios_user_pueblo_originario	2023-12-27 14:39:06.365556+00
56	users	0010_alter_user_genero_alter_user_pueblo_originario	2023-12-27 14:39:06.441537+00
57	users	0011_alter_user_genero	2023-12-27 14:39:06.455008+00
\.


--
-- Data for Name: django_session; Type: TABLE DATA; Schema: public; Owner: postgres
--

COPY public.django_session (session_key, session_data, expire_date) FROM stdin;
q5p3skzt6yf42y21kw5lznyc47w7s9c2	.eJxVjDEOwjAMRe-SGUVODUnDyM4ZIsc2pIBSqWknxN1ppQ6wvvf-f5tEy1zS0nRKg5izcebwyzLxU-sm5EH1Ploe6zwN2W6J3W2z11H0ddnbv4NCrazrowQOKBGzi3DijkAJlQOQsAMP1Pm8Ug5ZyEf1PSEERQDXB75hNJ8v8Eg4Ew:1rIV7B:WEUVJjbk4NvrFb3z3Nwm5uxybUOsGoNSXS36OgaeU50	2024-01-10 14:42:33.725737+00
\.


--
-- Data for Name: home_countdown; Type: TABLE DATA; Schema: public; Owner: postgres
--

COPY public.home_countdown (id, end_date, start_date) FROM stdin;
1	2024-03-31	2023-12-27
\.


--
-- Data for Name: home_documentos; Type: TABLE DATA; Schema: public; Owner: postgres
--

COPY public.home_documentos (id, documento, public, seccion_documento_id, titulo_documento) FROM stdin;
\.


--
-- Data for Name: home_preguntasfrecuentes; Type: TABLE DATA; Schema: public; Owner: postgres
--

COPY public.home_preguntasfrecuentes (id, pregunta_frecuente, respuesta_pregunta_frecuente) FROM stdin;
\.


--
-- Data for Name: home_secciondocumentos; Type: TABLE DATA; Schema: public; Owner: postgres
--

COPY public.home_secciondocumentos (id, seccion_documento, tipo_documento_id) FROM stdin;
\.


--
-- Data for Name: home_tipodocumentos; Type: TABLE DATA; Schema: public; Owner: postgres
--

COPY public.home_tipodocumentos (id, tipo_documento) FROM stdin;
\.


--
-- Data for Name: noticiasymedia_multimedia; Type: TABLE DATA; Schema: public; Owner: postgres
--

COPY public.noticiasymedia_multimedia (id, created, modified, titulo_multimedia, descripcion_multimedia, autor, video_url, public, slug) FROM stdin;
\.


--
-- Data for Name: noticiasymedia_multimedia_tag; Type: TABLE DATA; Schema: public; Owner: postgres
--

COPY public.noticiasymedia_multimedia_tag (id, multimedia_id, tag_id) FROM stdin;
\.


--
-- Data for Name: noticiasymedia_noticias; Type: TABLE DATA; Schema: public; Owner: postgres
--

COPY public.noticiasymedia_noticias (id, created, modified, titulo_noticia, bajada_noticia, contenido_noticia, autor, portada_noticia, public, galeria_url, slug) FROM stdin;
\.


--
-- Data for Name: noticiasymedia_noticias_tag; Type: TABLE DATA; Schema: public; Owner: postgres
--

COPY public.noticiasymedia_noticias_tag (id, noticias_id, tag_id) FROM stdin;
\.


--
-- Data for Name: noticiasymedia_tag; Type: TABLE DATA; Schema: public; Owner: postgres
--

COPY public.noticiasymedia_tag (id, tag) FROM stdin;
\.


--
-- Data for Name: regioncomuna_comuna; Type: TABLE DATA; Schema: public; Owner: postgres
--

COPY public.regioncomuna_comuna (id, comuna, region_id) FROM stdin;
\.


--
-- Data for Name: regioncomuna_region; Type: TABLE DATA; Schema: public; Owner: postgres
--

COPY public.regioncomuna_region (id, region) FROM stdin;
\.


--
-- Data for Name: surveys_preguntacinco; Type: TABLE DATA; Schema: public; Owner: postgres
--

COPY public.surveys_preguntacinco (id, texto_respuesta, usuario_id) FROM stdin;
\.


--
-- Data for Name: surveys_preguntacuatro; Type: TABLE DATA; Schema: public; Owner: postgres
--

COPY public.surveys_preguntacuatro (id, tematica_1, tematica_2, tematica_3, tematica_4, tematica_5, usuario_id) FROM stdin;
\.


--
-- Data for Name: surveys_preguntados; Type: TABLE DATA; Schema: public; Owner: postgres
--

COPY public.surveys_preguntados (id, propuesta_1, propuesta_2, propuesta_3, propuesta_4, usuario_id) FROM stdin;
\.


--
-- Data for Name: surveys_preguntatres; Type: TABLE DATA; Schema: public; Owner: postgres
--

COPY public.surveys_preguntatres (id, iniciativa_1, iniciativa_2, iniciativa_3, iniciativa_4, iniciativa_5, usuario_id) FROM stdin;
\.


--
-- Data for Name: surveys_preguntauno; Type: TABLE DATA; Schema: public; Owner: postgres
--

COPY public.surveys_preguntauno (id, valor, usuario_id) FROM stdin;
\.


--
-- Data for Name: users_user; Type: TABLE DATA; Schema: public; Owner: postgres
--

COPY public.users_user (id, last_login, is_superuser, rut, password, email, is_staff, is_active, comuna_id, genero, edad, politica_privacidad, encuesta_completada, recibir_resultados, pueblo_originario) FROM stdin;
1	2023-12-27 14:42:33.722379+00	t	16483054-3	pbkdf2_sha256$600000$PdjRAwB41oovkvGTDYO72o$cmzx+Dpm038/F1o5GIdDWZYxa8yBLBMtCeCfKzeoCyo=	paul.eaton@subdere.gov.cl	t	t	\N	\N	\N	f	f	f	\N
\.


--
-- Data for Name: users_user_groups; Type: TABLE DATA; Schema: public; Owner: postgres
--

COPY public.users_user_groups (id, user_id, group_id) FROM stdin;
\.


--
-- Data for Name: users_user_user_permissions; Type: TABLE DATA; Schema: public; Owner: postgres
--

COPY public.users_user_user_permissions (id, user_id, permission_id) FROM stdin;
\.


--
-- Name: auth_group_id_seq; Type: SEQUENCE SET; Schema: public; Owner: postgres
--

SELECT pg_catalog.setval('public.auth_group_id_seq', 1, false);


--
-- Name: auth_group_permissions_id_seq; Type: SEQUENCE SET; Schema: public; Owner: postgres
--

SELECT pg_catalog.setval('public.auth_group_permissions_id_seq', 1, false);


--
-- Name: auth_permission_id_seq; Type: SEQUENCE SET; Schema: public; Owner: postgres
--

SELECT pg_catalog.setval('public.auth_permission_id_seq', 84, true);


--
-- Name: django_admin_log_id_seq; Type: SEQUENCE SET; Schema: public; Owner: postgres
--

SELECT pg_catalog.setval('public.django_admin_log_id_seq', 1, true);


--
-- Name: django_content_type_id_seq; Type: SEQUENCE SET; Schema: public; Owner: postgres
--

SELECT pg_catalog.setval('public.django_content_type_id_seq', 21, true);


--
-- Name: django_migrations_id_seq; Type: SEQUENCE SET; Schema: public; Owner: postgres
--

SELECT pg_catalog.setval('public.django_migrations_id_seq', 57, true);


--
-- Name: home_countdown_id_seq; Type: SEQUENCE SET; Schema: public; Owner: postgres
--

SELECT pg_catalog.setval('public.home_countdown_id_seq', 1, true);


--
-- Name: home_documentos_id_seq; Type: SEQUENCE SET; Schema: public; Owner: postgres
--

SELECT pg_catalog.setval('public.home_documentos_id_seq', 1, false);


--
-- Name: home_preguntasfrecuentes_id_seq; Type: SEQUENCE SET; Schema: public; Owner: postgres
--

SELECT pg_catalog.setval('public.home_preguntasfrecuentes_id_seq', 1, false);


--
-- Name: home_secciondocumentos_id_seq; Type: SEQUENCE SET; Schema: public; Owner: postgres
--

SELECT pg_catalog.setval('public.home_secciondocumentos_id_seq', 1, false);


--
-- Name: home_tipodocumentos_id_seq; Type: SEQUENCE SET; Schema: public; Owner: postgres
--

SELECT pg_catalog.setval('public.home_tipodocumentos_id_seq', 1, false);


--
-- Name: noticiasymedia_multimedia_id_seq; Type: SEQUENCE SET; Schema: public; Owner: postgres
--

SELECT pg_catalog.setval('public.noticiasymedia_multimedia_id_seq', 1, false);


--
-- Name: noticiasymedia_multimedia_tag_media_id_seq; Type: SEQUENCE SET; Schema: public; Owner: postgres
--

SELECT pg_catalog.setval('public.noticiasymedia_multimedia_tag_media_id_seq', 1, false);


--
-- Name: noticiasymedia_noticias_id_seq; Type: SEQUENCE SET; Schema: public; Owner: postgres
--

SELECT pg_catalog.setval('public.noticiasymedia_noticias_id_seq', 1, false);


--
-- Name: noticiasymedia_noticias_tag_noticia_id_seq; Type: SEQUENCE SET; Schema: public; Owner: postgres
--

SELECT pg_catalog.setval('public.noticiasymedia_noticias_tag_noticia_id_seq', 1, false);


--
-- Name: noticiasymedia_tag_id_seq; Type: SEQUENCE SET; Schema: public; Owner: postgres
--

SELECT pg_catalog.setval('public.noticiasymedia_tag_id_seq', 1, false);


--
-- Name: regioncomuna_comuna_id_seq; Type: SEQUENCE SET; Schema: public; Owner: postgres
--

SELECT pg_catalog.setval('public.regioncomuna_comuna_id_seq', 1, false);


--
-- Name: regioncomuna_region_id_seq; Type: SEQUENCE SET; Schema: public; Owner: postgres
--

SELECT pg_catalog.setval('public.regioncomuna_region_id_seq', 1, false);


--
-- Name: surveys_preguntacinco_id_seq; Type: SEQUENCE SET; Schema: public; Owner: postgres
--

SELECT pg_catalog.setval('public.surveys_preguntacinco_id_seq', 1, false);


--
-- Name: surveys_preguntacuatro_id_seq; Type: SEQUENCE SET; Schema: public; Owner: postgres
--

SELECT pg_catalog.setval('public.surveys_preguntacuatro_id_seq', 1, false);


--
-- Name: surveys_preguntados_id_seq; Type: SEQUENCE SET; Schema: public; Owner: postgres
--

SELECT pg_catalog.setval('public.surveys_preguntados_id_seq', 1, false);


--
-- Name: surveys_preguntatres_id_seq; Type: SEQUENCE SET; Schema: public; Owner: postgres
--

SELECT pg_catalog.setval('public.surveys_preguntatres_id_seq', 1, false);


--
-- Name: surveys_preguntauno_id_seq; Type: SEQUENCE SET; Schema: public; Owner: postgres
--

SELECT pg_catalog.setval('public.surveys_preguntauno_id_seq', 1, false);


--
-- Name: users_user_groups_id_seq; Type: SEQUENCE SET; Schema: public; Owner: postgres
--

SELECT pg_catalog.setval('public.users_user_groups_id_seq', 1, false);


--
-- Name: users_user_id_seq; Type: SEQUENCE SET; Schema: public; Owner: postgres
--

SELECT pg_catalog.setval('public.users_user_id_seq', 1, true);


--
-- Name: users_user_user_permissions_id_seq; Type: SEQUENCE SET; Schema: public; Owner: postgres
--

SELECT pg_catalog.setval('public.users_user_user_permissions_id_seq', 1, false);


--
-- Name: auth_group auth_group_name_key; Type: CONSTRAINT; Schema: public; Owner: postgres
--

ALTER TABLE ONLY public.auth_group
    ADD CONSTRAINT auth_group_name_key UNIQUE (name);


--
-- Name: auth_group_permissions auth_group_permissions_group_id_permission_id_0cd325b0_uniq; Type: CONSTRAINT; Schema: public; Owner: postgres
--

ALTER TABLE ONLY public.auth_group_permissions
    ADD CONSTRAINT auth_group_permissions_group_id_permission_id_0cd325b0_uniq UNIQUE (group_id, permission_id);


--
-- Name: auth_group_permissions auth_group_permissions_pkey; Type: CONSTRAINT; Schema: public; Owner: postgres
--

ALTER TABLE ONLY public.auth_group_permissions
    ADD CONSTRAINT auth_group_permissions_pkey PRIMARY KEY (id);


--
-- Name: auth_group auth_group_pkey; Type: CONSTRAINT; Schema: public; Owner: postgres
--

ALTER TABLE ONLY public.auth_group
    ADD CONSTRAINT auth_group_pkey PRIMARY KEY (id);


--
-- Name: auth_permission auth_permission_content_type_id_codename_01ab375a_uniq; Type: CONSTRAINT; Schema: public; Owner: postgres
--

ALTER TABLE ONLY public.auth_permission
    ADD CONSTRAINT auth_permission_content_type_id_codename_01ab375a_uniq UNIQUE (content_type_id, codename);


--
-- Name: auth_permission auth_permission_pkey; Type: CONSTRAINT; Schema: public; Owner: postgres
--

ALTER TABLE ONLY public.auth_permission
    ADD CONSTRAINT auth_permission_pkey PRIMARY KEY (id);


--
-- Name: django_admin_log django_admin_log_pkey; Type: CONSTRAINT; Schema: public; Owner: postgres
--

ALTER TABLE ONLY public.django_admin_log
    ADD CONSTRAINT django_admin_log_pkey PRIMARY KEY (id);


--
-- Name: django_content_type django_content_type_app_label_model_76bd3d3b_uniq; Type: CONSTRAINT; Schema: public; Owner: postgres
--

ALTER TABLE ONLY public.django_content_type
    ADD CONSTRAINT django_content_type_app_label_model_76bd3d3b_uniq UNIQUE (app_label, model);


--
-- Name: django_content_type django_content_type_pkey; Type: CONSTRAINT; Schema: public; Owner: postgres
--

ALTER TABLE ONLY public.django_content_type
    ADD CONSTRAINT django_content_type_pkey PRIMARY KEY (id);


--
-- Name: django_migrations django_migrations_pkey; Type: CONSTRAINT; Schema: public; Owner: postgres
--

ALTER TABLE ONLY public.django_migrations
    ADD CONSTRAINT django_migrations_pkey PRIMARY KEY (id);


--
-- Name: django_session django_session_pkey; Type: CONSTRAINT; Schema: public; Owner: postgres
--

ALTER TABLE ONLY public.django_session
    ADD CONSTRAINT django_session_pkey PRIMARY KEY (session_key);


--
-- Name: home_countdown home_countdown_pkey; Type: CONSTRAINT; Schema: public; Owner: postgres
--

ALTER TABLE ONLY public.home_countdown
    ADD CONSTRAINT home_countdown_pkey PRIMARY KEY (id);


--
-- Name: home_documentos home_documentos_pkey; Type: CONSTRAINT; Schema: public; Owner: postgres
--

ALTER TABLE ONLY public.home_documentos
    ADD CONSTRAINT home_documentos_pkey PRIMARY KEY (id);


--
-- Name: home_preguntasfrecuentes home_preguntasfrecuentes_pkey; Type: CONSTRAINT; Schema: public; Owner: postgres
--

ALTER TABLE ONLY public.home_preguntasfrecuentes
    ADD CONSTRAINT home_preguntasfrecuentes_pkey PRIMARY KEY (id);


--
-- Name: home_secciondocumentos home_secciondocumentos_pkey; Type: CONSTRAINT; Schema: public; Owner: postgres
--

ALTER TABLE ONLY public.home_secciondocumentos
    ADD CONSTRAINT home_secciondocumentos_pkey PRIMARY KEY (id);


--
-- Name: home_secciondocumentos home_secciondocumentos_seccion_documento_key; Type: CONSTRAINT; Schema: public; Owner: postgres
--

ALTER TABLE ONLY public.home_secciondocumentos
    ADD CONSTRAINT home_secciondocumentos_seccion_documento_key UNIQUE (seccion_documento);


--
-- Name: home_tipodocumentos home_tipodocumentos_pkey; Type: CONSTRAINT; Schema: public; Owner: postgres
--

ALTER TABLE ONLY public.home_tipodocumentos
    ADD CONSTRAINT home_tipodocumentos_pkey PRIMARY KEY (id);


--
-- Name: home_tipodocumentos home_tipodocumentos_tipo_documento_key; Type: CONSTRAINT; Schema: public; Owner: postgres
--

ALTER TABLE ONLY public.home_tipodocumentos
    ADD CONSTRAINT home_tipodocumentos_tipo_documento_key UNIQUE (tipo_documento);


--
-- Name: noticiasymedia_multimedia_tag noticiasymedia_multimedi_multimedia_id_tag_id_5da6beba_uniq; Type: CONSTRAINT; Schema: public; Owner: postgres
--

ALTER TABLE ONLY public.noticiasymedia_multimedia_tag
    ADD CONSTRAINT noticiasymedia_multimedi_multimedia_id_tag_id_5da6beba_uniq UNIQUE (multimedia_id, tag_id);


--
-- Name: noticiasymedia_multimedia noticiasymedia_multimedia_pkey; Type: CONSTRAINT; Schema: public; Owner: postgres
--

ALTER TABLE ONLY public.noticiasymedia_multimedia
    ADD CONSTRAINT noticiasymedia_multimedia_pkey PRIMARY KEY (id);


--
-- Name: noticiasymedia_multimedia_tag noticiasymedia_multimedia_tag_media_pkey; Type: CONSTRAINT; Schema: public; Owner: postgres
--

ALTER TABLE ONLY public.noticiasymedia_multimedia_tag
    ADD CONSTRAINT noticiasymedia_multimedia_tag_media_pkey PRIMARY KEY (id);


--
-- Name: noticiasymedia_multimedia noticiasymedia_multimedia_titulo_multimedia_key; Type: CONSTRAINT; Schema: public; Owner: postgres
--

ALTER TABLE ONLY public.noticiasymedia_multimedia
    ADD CONSTRAINT noticiasymedia_multimedia_titulo_multimedia_key UNIQUE (titulo_multimedia);


--
-- Name: noticiasymedia_noticias_tag noticiasymedia_noticias__noticias_id_tag_id_4f809ed7_uniq; Type: CONSTRAINT; Schema: public; Owner: postgres
--

ALTER TABLE ONLY public.noticiasymedia_noticias_tag
    ADD CONSTRAINT noticiasymedia_noticias__noticias_id_tag_id_4f809ed7_uniq UNIQUE (noticias_id, tag_id);


--
-- Name: noticiasymedia_noticias noticiasymedia_noticias_pkey; Type: CONSTRAINT; Schema: public; Owner: postgres
--

ALTER TABLE ONLY public.noticiasymedia_noticias
    ADD CONSTRAINT noticiasymedia_noticias_pkey PRIMARY KEY (id);


--
-- Name: noticiasymedia_noticias_tag noticiasymedia_noticias_tag_noticia_pkey; Type: CONSTRAINT; Schema: public; Owner: postgres
--

ALTER TABLE ONLY public.noticiasymedia_noticias_tag
    ADD CONSTRAINT noticiasymedia_noticias_tag_noticia_pkey PRIMARY KEY (id);


--
-- Name: noticiasymedia_noticias noticiasymedia_noticias_titulo_noticia_key; Type: CONSTRAINT; Schema: public; Owner: postgres
--

ALTER TABLE ONLY public.noticiasymedia_noticias
    ADD CONSTRAINT noticiasymedia_noticias_titulo_noticia_key UNIQUE (titulo_noticia);


--
-- Name: noticiasymedia_tag noticiasymedia_tag_pkey; Type: CONSTRAINT; Schema: public; Owner: postgres
--

ALTER TABLE ONLY public.noticiasymedia_tag
    ADD CONSTRAINT noticiasymedia_tag_pkey PRIMARY KEY (id);


--
-- Name: noticiasymedia_tag noticiasymedia_tag_tag_key; Type: CONSTRAINT; Schema: public; Owner: postgres
--

ALTER TABLE ONLY public.noticiasymedia_tag
    ADD CONSTRAINT noticiasymedia_tag_tag_key UNIQUE (tag);


--
-- Name: regioncomuna_comuna regioncomuna_comuna_pkey; Type: CONSTRAINT; Schema: public; Owner: postgres
--

ALTER TABLE ONLY public.regioncomuna_comuna
    ADD CONSTRAINT regioncomuna_comuna_pkey PRIMARY KEY (id);


--
-- Name: regioncomuna_region regioncomuna_region_pkey; Type: CONSTRAINT; Schema: public; Owner: postgres
--

ALTER TABLE ONLY public.regioncomuna_region
    ADD CONSTRAINT regioncomuna_region_pkey PRIMARY KEY (id);


--
-- Name: surveys_preguntacinco surveys_preguntacinco_pkey; Type: CONSTRAINT; Schema: public; Owner: postgres
--

ALTER TABLE ONLY public.surveys_preguntacinco
    ADD CONSTRAINT surveys_preguntacinco_pkey PRIMARY KEY (id);


--
-- Name: surveys_preguntacinco surveys_preguntacinco_usuario_id_3150c9eb_uniq; Type: CONSTRAINT; Schema: public; Owner: postgres
--

ALTER TABLE ONLY public.surveys_preguntacinco
    ADD CONSTRAINT surveys_preguntacinco_usuario_id_3150c9eb_uniq UNIQUE (usuario_id);


--
-- Name: surveys_preguntacuatro surveys_preguntacuatro_pkey; Type: CONSTRAINT; Schema: public; Owner: postgres
--

ALTER TABLE ONLY public.surveys_preguntacuatro
    ADD CONSTRAINT surveys_preguntacuatro_pkey PRIMARY KEY (id);


--
-- Name: surveys_preguntacuatro surveys_preguntacuatro_usuario_id_545ae105_uniq; Type: CONSTRAINT; Schema: public; Owner: postgres
--

ALTER TABLE ONLY public.surveys_preguntacuatro
    ADD CONSTRAINT surveys_preguntacuatro_usuario_id_545ae105_uniq UNIQUE (usuario_id);


--
-- Name: surveys_preguntados surveys_preguntados_pkey; Type: CONSTRAINT; Schema: public; Owner: postgres
--

ALTER TABLE ONLY public.surveys_preguntados
    ADD CONSTRAINT surveys_preguntados_pkey PRIMARY KEY (id);


--
-- Name: surveys_preguntados surveys_preguntados_usuario_id_9ae35401_uniq; Type: CONSTRAINT; Schema: public; Owner: postgres
--

ALTER TABLE ONLY public.surveys_preguntados
    ADD CONSTRAINT surveys_preguntados_usuario_id_9ae35401_uniq UNIQUE (usuario_id);


--
-- Name: surveys_preguntatres surveys_preguntatres_pkey; Type: CONSTRAINT; Schema: public; Owner: postgres
--

ALTER TABLE ONLY public.surveys_preguntatres
    ADD CONSTRAINT surveys_preguntatres_pkey PRIMARY KEY (id);


--
-- Name: surveys_preguntatres surveys_preguntatres_usuario_id_a881d6ed_uniq; Type: CONSTRAINT; Schema: public; Owner: postgres
--

ALTER TABLE ONLY public.surveys_preguntatres
    ADD CONSTRAINT surveys_preguntatres_usuario_id_a881d6ed_uniq UNIQUE (usuario_id);


--
-- Name: surveys_preguntauno surveys_preguntauno_pkey; Type: CONSTRAINT; Schema: public; Owner: postgres
--

ALTER TABLE ONLY public.surveys_preguntauno
    ADD CONSTRAINT surveys_preguntauno_pkey PRIMARY KEY (id);


--
-- Name: surveys_preguntauno surveys_preguntauno_usuario_id_f4ed39da_uniq; Type: CONSTRAINT; Schema: public; Owner: postgres
--

ALTER TABLE ONLY public.surveys_preguntauno
    ADD CONSTRAINT surveys_preguntauno_usuario_id_f4ed39da_uniq UNIQUE (usuario_id);


--
-- Name: users_user_groups users_user_groups_pkey; Type: CONSTRAINT; Schema: public; Owner: postgres
--

ALTER TABLE ONLY public.users_user_groups
    ADD CONSTRAINT users_user_groups_pkey PRIMARY KEY (id);


--
-- Name: users_user_groups users_user_groups_user_id_group_id_b88eab82_uniq; Type: CONSTRAINT; Schema: public; Owner: postgres
--

ALTER TABLE ONLY public.users_user_groups
    ADD CONSTRAINT users_user_groups_user_id_group_id_b88eab82_uniq UNIQUE (user_id, group_id);


--
-- Name: users_user users_user_pkey; Type: CONSTRAINT; Schema: public; Owner: postgres
--

ALTER TABLE ONLY public.users_user
    ADD CONSTRAINT users_user_pkey PRIMARY KEY (id);


--
-- Name: users_user users_user_rut_key; Type: CONSTRAINT; Schema: public; Owner: postgres
--

ALTER TABLE ONLY public.users_user
    ADD CONSTRAINT users_user_rut_key UNIQUE (rut);


--
-- Name: users_user_user_permissions users_user_user_permissions_pkey; Type: CONSTRAINT; Schema: public; Owner: postgres
--

ALTER TABLE ONLY public.users_user_user_permissions
    ADD CONSTRAINT users_user_user_permissions_pkey PRIMARY KEY (id);


--
-- Name: users_user_user_permissions users_user_user_permissions_user_id_permission_id_43338c45_uniq; Type: CONSTRAINT; Schema: public; Owner: postgres
--

ALTER TABLE ONLY public.users_user_user_permissions
    ADD CONSTRAINT users_user_user_permissions_user_id_permission_id_43338c45_uniq UNIQUE (user_id, permission_id);


--
-- Name: auth_group_name_a6ea08ec_like; Type: INDEX; Schema: public; Owner: postgres
--

CREATE INDEX auth_group_name_a6ea08ec_like ON public.auth_group USING btree (name varchar_pattern_ops);


--
-- Name: auth_group_permissions_group_id_b120cbf9; Type: INDEX; Schema: public; Owner: postgres
--

CREATE INDEX auth_group_permissions_group_id_b120cbf9 ON public.auth_group_permissions USING btree (group_id);


--
-- Name: auth_group_permissions_permission_id_84c5c92e; Type: INDEX; Schema: public; Owner: postgres
--

CREATE INDEX auth_group_permissions_permission_id_84c5c92e ON public.auth_group_permissions USING btree (permission_id);


--
-- Name: auth_permission_content_type_id_2f476e4b; Type: INDEX; Schema: public; Owner: postgres
--

CREATE INDEX auth_permission_content_type_id_2f476e4b ON public.auth_permission USING btree (content_type_id);


--
-- Name: django_admin_log_content_type_id_c4bce8eb; Type: INDEX; Schema: public; Owner: postgres
--

CREATE INDEX django_admin_log_content_type_id_c4bce8eb ON public.django_admin_log USING btree (content_type_id);


--
-- Name: django_admin_log_user_id_c564eba6; Type: INDEX; Schema: public; Owner: postgres
--

CREATE INDEX django_admin_log_user_id_c564eba6 ON public.django_admin_log USING btree (user_id);


--
-- Name: django_session_expire_date_a5c62663; Type: INDEX; Schema: public; Owner: postgres
--

CREATE INDEX django_session_expire_date_a5c62663 ON public.django_session USING btree (expire_date);


--
-- Name: django_session_session_key_c0390e0f_like; Type: INDEX; Schema: public; Owner: postgres
--

CREATE INDEX django_session_session_key_c0390e0f_like ON public.django_session USING btree (session_key varchar_pattern_ops);


--
-- Name: home_documentos_seccion_documento_id_e7bcd1e7; Type: INDEX; Schema: public; Owner: postgres
--

CREATE INDEX home_documentos_seccion_documento_id_e7bcd1e7 ON public.home_documentos USING btree (seccion_documento_id);


--
-- Name: home_secciondocumentos_seccion_documento_7a5c68d4_like; Type: INDEX; Schema: public; Owner: postgres
--

CREATE INDEX home_secciondocumentos_seccion_documento_7a5c68d4_like ON public.home_secciondocumentos USING btree (seccion_documento varchar_pattern_ops);


--
-- Name: home_secciondocumentos_tipo_documento_id_72ad2310; Type: INDEX; Schema: public; Owner: postgres
--

CREATE INDEX home_secciondocumentos_tipo_documento_id_72ad2310 ON public.home_secciondocumentos USING btree (tipo_documento_id);


--
-- Name: home_tipodocumentos_tipo_documento_8af3b1a1_like; Type: INDEX; Schema: public; Owner: postgres
--

CREATE INDEX home_tipodocumentos_tipo_documento_8af3b1a1_like ON public.home_tipodocumentos USING btree (tipo_documento varchar_pattern_ops);


--
-- Name: noticiasymedia_multimedia_slug_eec2cc84; Type: INDEX; Schema: public; Owner: postgres
--

CREATE INDEX noticiasymedia_multimedia_slug_eec2cc84 ON public.noticiasymedia_multimedia USING btree (slug);


--
-- Name: noticiasymedia_multimedia_slug_eec2cc84_like; Type: INDEX; Schema: public; Owner: postgres
--

CREATE INDEX noticiasymedia_multimedia_slug_eec2cc84_like ON public.noticiasymedia_multimedia USING btree (slug varchar_pattern_ops);


--
-- Name: noticiasymedia_multimedia_tag_media_multimedia_id_6d691011; Type: INDEX; Schema: public; Owner: postgres
--

CREATE INDEX noticiasymedia_multimedia_tag_media_multimedia_id_6d691011 ON public.noticiasymedia_multimedia_tag USING btree (multimedia_id);


--
-- Name: noticiasymedia_multimedia_tag_media_tag_id_6e8c4c3b; Type: INDEX; Schema: public; Owner: postgres
--

CREATE INDEX noticiasymedia_multimedia_tag_media_tag_id_6e8c4c3b ON public.noticiasymedia_multimedia_tag USING btree (tag_id);


--
-- Name: noticiasymedia_multimedia_titulo_multimedia_2d3df81c_like; Type: INDEX; Schema: public; Owner: postgres
--

CREATE INDEX noticiasymedia_multimedia_titulo_multimedia_2d3df81c_like ON public.noticiasymedia_multimedia USING btree (titulo_multimedia varchar_pattern_ops);


--
-- Name: noticiasymedia_noticias_slug_c4532f64; Type: INDEX; Schema: public; Owner: postgres
--

CREATE INDEX noticiasymedia_noticias_slug_c4532f64 ON public.noticiasymedia_noticias USING btree (slug);


--
-- Name: noticiasymedia_noticias_slug_c4532f64_like; Type: INDEX; Schema: public; Owner: postgres
--

CREATE INDEX noticiasymedia_noticias_slug_c4532f64_like ON public.noticiasymedia_noticias USING btree (slug varchar_pattern_ops);


--
-- Name: noticiasymedia_noticias_tag_noticia_noticias_id_9bf42d63; Type: INDEX; Schema: public; Owner: postgres
--

CREATE INDEX noticiasymedia_noticias_tag_noticia_noticias_id_9bf42d63 ON public.noticiasymedia_noticias_tag USING btree (noticias_id);


--
-- Name: noticiasymedia_noticias_tag_noticia_tag_id_8aa96429; Type: INDEX; Schema: public; Owner: postgres
--

CREATE INDEX noticiasymedia_noticias_tag_noticia_tag_id_8aa96429 ON public.noticiasymedia_noticias_tag USING btree (tag_id);


--
-- Name: noticiasymedia_noticias_titulo_noticia_4fd8c095_like; Type: INDEX; Schema: public; Owner: postgres
--

CREATE INDEX noticiasymedia_noticias_titulo_noticia_4fd8c095_like ON public.noticiasymedia_noticias USING btree (titulo_noticia varchar_pattern_ops);


--
-- Name: noticiasymedia_tag_tag_b2eb02eb_like; Type: INDEX; Schema: public; Owner: postgres
--

CREATE INDEX noticiasymedia_tag_tag_b2eb02eb_like ON public.noticiasymedia_tag USING btree (tag varchar_pattern_ops);


--
-- Name: regioncomuna_comuna_region_id_d803f5ac; Type: INDEX; Schema: public; Owner: postgres
--

CREATE INDEX regioncomuna_comuna_region_id_d803f5ac ON public.regioncomuna_comuna USING btree (region_id);


--
-- Name: surveys_preguntacinco_usuario_id_3150c9eb; Type: INDEX; Schema: public; Owner: postgres
--

CREATE INDEX surveys_preguntacinco_usuario_id_3150c9eb ON public.surveys_preguntacinco USING btree (usuario_id);


--
-- Name: surveys_preguntacuatro_usuario_id_545ae105; Type: INDEX; Schema: public; Owner: postgres
--

CREATE INDEX surveys_preguntacuatro_usuario_id_545ae105 ON public.surveys_preguntacuatro USING btree (usuario_id);


--
-- Name: surveys_preguntados_usuario_id_9ae35401; Type: INDEX; Schema: public; Owner: postgres
--

CREATE INDEX surveys_preguntados_usuario_id_9ae35401 ON public.surveys_preguntados USING btree (usuario_id);


--
-- Name: surveys_preguntatres_usuario_id_a881d6ed; Type: INDEX; Schema: public; Owner: postgres
--

CREATE INDEX surveys_preguntatres_usuario_id_a881d6ed ON public.surveys_preguntatres USING btree (usuario_id);


--
-- Name: surveys_preguntauno_usuario_id_f4ed39da; Type: INDEX; Schema: public; Owner: postgres
--

CREATE INDEX surveys_preguntauno_usuario_id_f4ed39da ON public.surveys_preguntauno USING btree (usuario_id);


--
-- Name: users_user_comuna_id_8d486b04; Type: INDEX; Schema: public; Owner: postgres
--

CREATE INDEX users_user_comuna_id_8d486b04 ON public.users_user USING btree (comuna_id);


--
-- Name: users_user_groups_group_id_9afc8d0e; Type: INDEX; Schema: public; Owner: postgres
--

CREATE INDEX users_user_groups_group_id_9afc8d0e ON public.users_user_groups USING btree (group_id);


--
-- Name: users_user_groups_user_id_5f6f5a90; Type: INDEX; Schema: public; Owner: postgres
--

CREATE INDEX users_user_groups_user_id_5f6f5a90 ON public.users_user_groups USING btree (user_id);


--
-- Name: users_user_rut_f091af2a_like; Type: INDEX; Schema: public; Owner: postgres
--

CREATE INDEX users_user_rut_f091af2a_like ON public.users_user USING btree (rut varchar_pattern_ops);


--
-- Name: users_user_user_permissions_permission_id_0b93982e; Type: INDEX; Schema: public; Owner: postgres
--

CREATE INDEX users_user_user_permissions_permission_id_0b93982e ON public.users_user_user_permissions USING btree (permission_id);


--
-- Name: users_user_user_permissions_user_id_20aca447; Type: INDEX; Schema: public; Owner: postgres
--

CREATE INDEX users_user_user_permissions_user_id_20aca447 ON public.users_user_user_permissions USING btree (user_id);


--
-- Name: auth_group_permissions auth_group_permissio_permission_id_84c5c92e_fk_auth_perm; Type: FK CONSTRAINT; Schema: public; Owner: postgres
--

ALTER TABLE ONLY public.auth_group_permissions
    ADD CONSTRAINT auth_group_permissio_permission_id_84c5c92e_fk_auth_perm FOREIGN KEY (permission_id) REFERENCES public.auth_permission(id) DEFERRABLE INITIALLY DEFERRED;


--
-- Name: auth_group_permissions auth_group_permissions_group_id_b120cbf9_fk_auth_group_id; Type: FK CONSTRAINT; Schema: public; Owner: postgres
--

ALTER TABLE ONLY public.auth_group_permissions
    ADD CONSTRAINT auth_group_permissions_group_id_b120cbf9_fk_auth_group_id FOREIGN KEY (group_id) REFERENCES public.auth_group(id) DEFERRABLE INITIALLY DEFERRED;


--
-- Name: auth_permission auth_permission_content_type_id_2f476e4b_fk_django_co; Type: FK CONSTRAINT; Schema: public; Owner: postgres
--

ALTER TABLE ONLY public.auth_permission
    ADD CONSTRAINT auth_permission_content_type_id_2f476e4b_fk_django_co FOREIGN KEY (content_type_id) REFERENCES public.django_content_type(id) DEFERRABLE INITIALLY DEFERRED;


--
-- Name: django_admin_log django_admin_log_content_type_id_c4bce8eb_fk_django_co; Type: FK CONSTRAINT; Schema: public; Owner: postgres
--

ALTER TABLE ONLY public.django_admin_log
    ADD CONSTRAINT django_admin_log_content_type_id_c4bce8eb_fk_django_co FOREIGN KEY (content_type_id) REFERENCES public.django_content_type(id) DEFERRABLE INITIALLY DEFERRED;


--
-- Name: django_admin_log django_admin_log_user_id_c564eba6_fk_users_user_id; Type: FK CONSTRAINT; Schema: public; Owner: postgres
--

ALTER TABLE ONLY public.django_admin_log
    ADD CONSTRAINT django_admin_log_user_id_c564eba6_fk_users_user_id FOREIGN KEY (user_id) REFERENCES public.users_user(id) DEFERRABLE INITIALLY DEFERRED;


--
-- Name: home_documentos home_documentos_seccion_documento_id_e7bcd1e7_fk_home_secc; Type: FK CONSTRAINT; Schema: public; Owner: postgres
--

ALTER TABLE ONLY public.home_documentos
    ADD CONSTRAINT home_documentos_seccion_documento_id_e7bcd1e7_fk_home_secc FOREIGN KEY (seccion_documento_id) REFERENCES public.home_secciondocumentos(id) DEFERRABLE INITIALLY DEFERRED;


--
-- Name: home_secciondocumentos home_secciondocument_tipo_documento_id_72ad2310_fk_home_tipo; Type: FK CONSTRAINT; Schema: public; Owner: postgres
--

ALTER TABLE ONLY public.home_secciondocumentos
    ADD CONSTRAINT home_secciondocument_tipo_documento_id_72ad2310_fk_home_tipo FOREIGN KEY (tipo_documento_id) REFERENCES public.home_tipodocumentos(id) DEFERRABLE INITIALLY DEFERRED;


--
-- Name: noticiasymedia_multimedia_tag noticiasymedia_multi_multimedia_id_6d691011_fk_noticiasy; Type: FK CONSTRAINT; Schema: public; Owner: postgres
--

ALTER TABLE ONLY public.noticiasymedia_multimedia_tag
    ADD CONSTRAINT noticiasymedia_multi_multimedia_id_6d691011_fk_noticiasy FOREIGN KEY (multimedia_id) REFERENCES public.noticiasymedia_multimedia(id) DEFERRABLE INITIALLY DEFERRED;


--
-- Name: noticiasymedia_multimedia_tag noticiasymedia_multi_tag_id_6e8c4c3b_fk_noticiasy; Type: FK CONSTRAINT; Schema: public; Owner: postgres
--

ALTER TABLE ONLY public.noticiasymedia_multimedia_tag
    ADD CONSTRAINT noticiasymedia_multi_tag_id_6e8c4c3b_fk_noticiasy FOREIGN KEY (tag_id) REFERENCES public.noticiasymedia_tag(id) DEFERRABLE INITIALLY DEFERRED;


--
-- Name: noticiasymedia_noticias_tag noticiasymedia_notic_noticias_id_9bf42d63_fk_noticiasy; Type: FK CONSTRAINT; Schema: public; Owner: postgres
--

ALTER TABLE ONLY public.noticiasymedia_noticias_tag
    ADD CONSTRAINT noticiasymedia_notic_noticias_id_9bf42d63_fk_noticiasy FOREIGN KEY (noticias_id) REFERENCES public.noticiasymedia_noticias(id) DEFERRABLE INITIALLY DEFERRED;


--
-- Name: noticiasymedia_noticias_tag noticiasymedia_notic_tag_id_8aa96429_fk_noticiasy; Type: FK CONSTRAINT; Schema: public; Owner: postgres
--

ALTER TABLE ONLY public.noticiasymedia_noticias_tag
    ADD CONSTRAINT noticiasymedia_notic_tag_id_8aa96429_fk_noticiasy FOREIGN KEY (tag_id) REFERENCES public.noticiasymedia_tag(id) DEFERRABLE INITIALLY DEFERRED;


--
-- Name: regioncomuna_comuna regioncomuna_comuna_region_id_d803f5ac_fk_regioncom; Type: FK CONSTRAINT; Schema: public; Owner: postgres
--

ALTER TABLE ONLY public.regioncomuna_comuna
    ADD CONSTRAINT regioncomuna_comuna_region_id_d803f5ac_fk_regioncom FOREIGN KEY (region_id) REFERENCES public.regioncomuna_region(id) DEFERRABLE INITIALLY DEFERRED;


--
-- Name: surveys_preguntacinco surveys_preguntacinco_usuario_id_3150c9eb_fk_users_user_id; Type: FK CONSTRAINT; Schema: public; Owner: postgres
--

ALTER TABLE ONLY public.surveys_preguntacinco
    ADD CONSTRAINT surveys_preguntacinco_usuario_id_3150c9eb_fk_users_user_id FOREIGN KEY (usuario_id) REFERENCES public.users_user(id) DEFERRABLE INITIALLY DEFERRED;


--
-- Name: surveys_preguntacuatro surveys_preguntacuatro_usuario_id_545ae105_fk_users_user_id; Type: FK CONSTRAINT; Schema: public; Owner: postgres
--

ALTER TABLE ONLY public.surveys_preguntacuatro
    ADD CONSTRAINT surveys_preguntacuatro_usuario_id_545ae105_fk_users_user_id FOREIGN KEY (usuario_id) REFERENCES public.users_user(id) DEFERRABLE INITIALLY DEFERRED;


--
-- Name: surveys_preguntados surveys_preguntados_usuario_id_9ae35401_fk_users_user_id; Type: FK CONSTRAINT; Schema: public; Owner: postgres
--

ALTER TABLE ONLY public.surveys_preguntados
    ADD CONSTRAINT surveys_preguntados_usuario_id_9ae35401_fk_users_user_id FOREIGN KEY (usuario_id) REFERENCES public.users_user(id) DEFERRABLE INITIALLY DEFERRED;


--
-- Name: surveys_preguntatres surveys_preguntatres_usuario_id_a881d6ed_fk_users_user_id; Type: FK CONSTRAINT; Schema: public; Owner: postgres
--

ALTER TABLE ONLY public.surveys_preguntatres
    ADD CONSTRAINT surveys_preguntatres_usuario_id_a881d6ed_fk_users_user_id FOREIGN KEY (usuario_id) REFERENCES public.users_user(id) DEFERRABLE INITIALLY DEFERRED;


--
-- Name: surveys_preguntauno surveys_preguntauno_usuario_id_f4ed39da_fk_users_user_id; Type: FK CONSTRAINT; Schema: public; Owner: postgres
--

ALTER TABLE ONLY public.surveys_preguntauno
    ADD CONSTRAINT surveys_preguntauno_usuario_id_f4ed39da_fk_users_user_id FOREIGN KEY (usuario_id) REFERENCES public.users_user(id) DEFERRABLE INITIALLY DEFERRED;


--
-- Name: users_user users_user_comuna_id_8d486b04_fk_regioncomuna_comuna_id; Type: FK CONSTRAINT; Schema: public; Owner: postgres
--

ALTER TABLE ONLY public.users_user
    ADD CONSTRAINT users_user_comuna_id_8d486b04_fk_regioncomuna_comuna_id FOREIGN KEY (comuna_id) REFERENCES public.regioncomuna_comuna(id) DEFERRABLE INITIALLY DEFERRED;


--
-- Name: users_user_groups users_user_groups_group_id_9afc8d0e_fk_auth_group_id; Type: FK CONSTRAINT; Schema: public; Owner: postgres
--

ALTER TABLE ONLY public.users_user_groups
    ADD CONSTRAINT users_user_groups_group_id_9afc8d0e_fk_auth_group_id FOREIGN KEY (group_id) REFERENCES public.auth_group(id) DEFERRABLE INITIALLY DEFERRED;


--
-- Name: users_user_groups users_user_groups_user_id_5f6f5a90_fk_users_user_id; Type: FK CONSTRAINT; Schema: public; Owner: postgres
--

ALTER TABLE ONLY public.users_user_groups
    ADD CONSTRAINT users_user_groups_user_id_5f6f5a90_fk_users_user_id FOREIGN KEY (user_id) REFERENCES public.users_user(id) DEFERRABLE INITIALLY DEFERRED;


--
-- Name: users_user_user_permissions users_user_user_perm_permission_id_0b93982e_fk_auth_perm; Type: FK CONSTRAINT; Schema: public; Owner: postgres
--

ALTER TABLE ONLY public.users_user_user_permissions
    ADD CONSTRAINT users_user_user_perm_permission_id_0b93982e_fk_auth_perm FOREIGN KEY (permission_id) REFERENCES public.auth_permission(id) DEFERRABLE INITIALLY DEFERRED;


--
-- Name: users_user_user_permissions users_user_user_permissions_user_id_20aca447_fk_users_user_id; Type: FK CONSTRAINT; Schema: public; Owner: postgres
--

ALTER TABLE ONLY public.users_user_user_permissions
    ADD CONSTRAINT users_user_user_permissions_user_id_20aca447_fk_users_user_id FOREIGN KEY (user_id) REFERENCES public.users_user(id) DEFERRABLE INITIALLY DEFERRED;


--
-- PostgreSQL database dump complete
--

